Website URL,Privacy Policy,Terms of Service
https://www.ampathy.com,,
https://provenio.ai/,,
https://yourtreasury.ai/en/content/,,
https://www.dealcar.io/,,
https://www.exocore.network/,,
https://www.journify.io,,
https://www.omnispay.com,,
https://www.kaptaspace.com,,
https://pulsetto.tech,,
https://appstorys.com,,
https://deutsche-sanierungsberatung.de,,
https://www.wearegenial.com/,,
https://www.circnova.com,,
https://www.proximityhealth.com,,
https://www.mansafinance.co/,,
https://www.ctgt.ai/,,
https://www.chimigen.com/,,
http://variational.ai,,
https://www.henry.ai/,,
https://safeintelligence.ai,,
http://zymvol.com/,,
https://www.scale-energy.eco/,,
https://drinkhiyo.com/,,
https://visa2fly.com,,
https://www.onetab.ai/,,
https://finovo.co.jp/,,
https://www.bharatkrushiseva.com,,
https://www.edgetutor.co/,,
https://www.invirtuolabs.com,,
https://www.geofy.co/,,
https://whereable.ai,,
https://www.openinfer.io/,,
https://www.karomia.eu/,,
https://bliro.io,,
https://www.upwell.com,,
https://sola-diagnostics.com/en/,,
https://pocketmindapp.com,,
https://www.fluent.xyz/,,
https://www.reverbtx.com/,,
https://www.gomboc.ai,,
https://www.runpulse.com/,,
https://connecteve.com,,
https://www.hyperlume.com/,,
https://lingjingai.cn/,,
https://www.purple-ai.co,,
https://www.sawmills.ai,,
https://metergrid.de/,,
https://focoos.ai/,,
https://www.mavvrik.ai,,
https://stacks.ai,,
https://www.valaratomics.com/,,
https://rileyapp.com/,,
https://serverpod.dev,,
https://siliconflow.cn,,
https://www.aidenauto.com,,
https://www.aura.life,,
https://www.twinwiz.co.kr/ko/index.php,,
https://agrilectric.in/,,
https://www.aheadcomputing.com,,
https://drinkpolly.de/,,
https://www.lion-storage.nl/,,
https://11dynamics.com,,
https://kyndatech.com/,,
https://www.aiotcloud.app/,,
https://vivalyx.com,,
http://www.cliexa.com,,
https://restimo.com/,,
https://karmanplus.com,,
https://econicpartners.com/,,
https://brineworks.tech/,,
https://www.thewayo.com/,,
https://dialai.ca,,
https://singulr.ai,,
https://valid.co,,
https://keebler.health/,,
http://www.sunystar.com,,
https://fronterahealth.com/,,
http://www.fetii.com,,
https://www.healthfab.in/,,
https://www.dynolt.com,,
https://www.subsense-bci.com/,,
http://www.schalod.com/,,
https://swishclub.in,,
https://www.handly.app,,
https://augmetec.com,,
https://www.dabchy.com/,,
https://paperplanetherapeutics.com/en/,,
https://www.tereform.com/,,
https://www.vema.earth,,
https://www.wavo.fr/,,
https://www.aomni.com,,
https://www.vetverifi.com/,,
https://www.semron.ai,,
,,